Model,Accuracy,Precision,Recall,F1-Score,AUC
Decision Tree,0.7602811950790861,0.7287414965986394,0.7024590163934427,0.7153589315525877,0.832243127364439
Random Forest,0.7859402460456942,0.7502047502047502,0.7508196721311475,0.7505120852109791,0.8708786885245902
Logistic Regression,0.6235500878734622,0.6219312602291326,0.3114754098360656,0.4150737302020754,0.6506988650693568
LightGBM,0.7838312829525483,0.749793559042114,0.7442622950819672,0.7470176881941588,0.8660161412358133
